{
  "ResNet-50 (ours)": {
    "auc": 0.9976160000000001,
    "eer": 0.012000000000000005,
    "eer_thr": 0.12224062532186508,
    "best_acc": 0.993,
    "best_thr": 0.19243255257606506,
    "tar_far1e2": 0.986,
    "tar_far1e3": 0.986,
    "gen_mean": 0.6813839673995972,
    "gen_std": 0.12269406765699387,
    "imp_mean": -0.0016317752888426185,
    "imp_std": 0.0535159707069397
  },
  "MobileFaceNet (baseline)": {
    "auc": 0.9962599999999999,
    "eer": 0.014000000000000005,
    "eer_thr": 0.1909792721271515,
    "best_acc": 0.991,
    "best_thr": 0.2698163390159607,
    "tar_far1e2": 0.984,
    "tar_far1e3": 0.982,
    "gen_mean": 0.6132691502571106,
    "gen_std": 0.12952984869480133,
    "imp_mean": 0.004034355282783508,
    "imp_std": 0.06896860897541046
  },
  "_meta": {
    "subset": "test",
    "n": 1000,
    "miss": 11,
    "scale_px": [
      112,
      64,
      48,
      32,
      24,
      16
    ],
    "occ_frac": [
      0.0,
      0.1,
      0.2,
      0.3,
      0.4
    ],
    "robustness": {
      "scale": {
        "ResNet-50 (ours)": [
          0.6813839673995972,
          0.676374614238739,
          0.668594479560852,
          0.6063959002494812,
          0.46802225708961487,
          0.27967748045921326
        ],
        "MobileFaceNet (baseline)": [
          0.6132691502571106,
          0.6005146503448486,
          0.5866168141365051,
          0.5249863266944885,
          0.44635942578315735,
          0.30797645449638367
        ]
      },
      "occ": {
        "ResNet-50 (ours)": [
          0.6813839673995972,
          0.6106454133987427,
          0.5355987548828125,
          0.48150745034217834,
          0.3908228874206543
        ],
        "MobileFaceNet (baseline)": [
          0.6132691502571106,
          0.5238140821456909,
          0.45032164454460144,
          0.38404330611228943,
          0.29398173093795776
        ]
      }
    }
  }
}